{"cameraMode":{"drawMode":0,"name":"Shaded","section":"Shading Mode"},"sceneLighting":false,"audioPlay":false,"sceneViewState":{"showFog":true,"showMaterialUpdate":false,"showSkybox":true,"showFlares":true,"showImageEffects":true,"showParticleSystems":true},"in2DMode":false,"pivot":{"x":0.23217718303203584,"y":3.2993927001953127,"z":-0.4104886054992676},"rotation":{"x":0.0011340404162183405,"y":0.9893606901168823,"z":-0.14528946578502656,"w":0.007718329317867756},"size":4.896184921264648,"orthographic":false}